"","Precinct","YEAR2","MaxForce","ViolentCrimeFrequency","FelonyFrequency","CrimeSeverity","ForceSeverity","MajorityWhite","MajorityHispanic","MajorityBlack","IsNight","HistoricalDanger","ActualDanger","Arrests","ExplanationGiven","StopDuration","ObsDuration","SQFPropBlack","SQFPropHispanic","pct_blk","pct_hisp"
"1",1,2017,0.488888888888889,0.422222222222222,0.333333333333333,2.93333333333333,2.48888888888889,"Y","N","N",0.555555555555556,0.177777777777778,0.0888888888888889,0.133333333333333,1,21.9333333333333,45.3777777777778,0.444444444444444,0.266666666666667,0.0324240015597115,0.0701270265000975
"2",1,2018,0.343434343434343,0.242424242424242,0.353535353535354,2.43434343434343,2.37373737373737,"Y","N","N",0.515151515151515,0.111111111111111,0.0808080808080808,0.262626262626263,0.98989898989899,18.6767676767677,2.71717171717172,0.666666666666667,0.141414141414141,0.0324240015597115,0.0701270265000975
"3",1,2019,0.291970802919708,0.321167883211679,0.299270072992701,2.56204379562044,2.30656934306569,"Y","N","N",0.467153284671533,0.116788321167883,0.116788321167883,0.430656934306569,0.948905109489051,15.3576642335766,1.61313868613139,0.62043795620438,0.197080291970803,0.0324240015597115,0.0701270265000975
"4",5,2017,0.28125,0.260416666666667,0.520833333333333,2.85416666666667,2.29166666666667,"N","N","N",0.572916666666667,0.0729166666666667,0.135416666666667,0.458333333333333,1,11.46875,2.51041666666667,0.416666666666667,0.458333333333333,0.0529599756505859,0.112425810378938
"5",5,2018,0.19047619047619,0.345238095238095,0.404761904761905,2.8452380952381,2.20238095238095,"N","N","N",0.511904761904762,0.0952380952380952,0.119047619047619,0.261904761904762,0.976190476190476,14.8214285714286,27.3095238095238,0.44047619047619,0.321428571428571,0.0529599756505859,0.112425810378938
"6",5,2019,0.19047619047619,0.361904761904762,0.40952380952381,2.91428571428571,2.19047619047619,"N","N","N",0.552380952380952,0.152380952380952,0.114285714285714,0.304761904761905,0.980952380952381,11.8190476190476,1.98095238095238,0.485714285714286,0.257142857142857,0.0529599756505859,0.112425810378938
"7",6,2017,0.226415094339623,0.339622641509434,0.358490566037736,2.73584905660377,2.22641509433962,"Y","N","N",0.490566037735849,0.207547169811321,0.132075471698113,0.30188679245283,1,15.377358490566,32.7924528301887,0.716981132075472,0.113207547169811,0.0211487159708161,0.0607623822839328
"8",6,2018,0.135922330097087,0.330097087378641,0.407766990291262,2.81553398058252,2.07766990291262,"Y","N","N",0.427184466019417,0.174757281553398,0.242718446601942,0.592233009708738,0.970873786407767,10.504854368932,2.01941747572816,0.553398058252427,0.203883495145631,0.0211487159708161,0.0607623822839328
"9",6,2019,0.26027397260274,0.397260273972603,0.410958904109589,3.02739726027397,2.32876712328767,"Y","N","N",0.60958904109589,0.308219178082192,0.116438356164384,0.383561643835616,0.979452054794521,17.1780821917808,1.75342465753425,0.616438356164384,0.157534246575342,0.0211487159708161,0.0607623822839328
"10",7,2017,0.247619047619048,0.257142857142857,0.628571428571429,3.04761904761905,2.22857142857143,"N","N","N",0.628571428571429,0.219047619047619,0.238095238095238,0.485714285714286,0.990476190476191,9.64761904761905,2,0.523809523809524,0.39047619047619,0.106325969301748,0.318977907905244
"11",7,2018,0.268115942028986,0.456521739130435,0.384057971014493,3.15217391304348,2.29710144927536,"N","N","N",0.717391304347826,0.246376811594203,0.115942028985507,0.268115942028986,1,11.6449275362319,14.2246376811594,0.41304347826087,0.471014492753623,0.106325969301748,0.318977907905244
"12",7,2019,0.217105263157895,0.335526315789474,0.486842105263158,2.99342105263158,2.23684210526316,"N","N","N",0.625,0.269736842105263,0.151315789473684,0.401315789473684,0.980263157894737,11.5921052631579,13.0723684210526,0.519736842105263,0.381578947368421,0.106325969301748,0.318977907905244
"13",9,2017,0.204545454545455,0.278409090909091,0.596590909090909,3.07386363636364,2.19886363636364,"Y","N","N",0.642045454545455,0.272727272727273,0.255681818181818,0.454545454545455,0.982954545454545,12.6818181818182,22.8977272727273,0.443181818181818,0.443181818181818,0.0903156600342739,0.239276323535183
"14",9,2018,0.169491525423729,0.279661016949153,0.5,2.8728813559322,2.21186440677966,"Y","N","N",0.550847457627119,0.254237288135593,0.177966101694915,0.322033898305085,0.983050847457627,10.5,53.3050847457627,0.516949152542373,0.372881355932203,0.0903156600342739,0.239276323535183
"15",9,2019,0.225352112676056,0.323943661971831,0.52112676056338,3.02112676056338,2.23943661971831,"Y","N","N",0.71830985915493,0.345070422535211,0.161971830985915,0.380281690140845,0.943661971830986,12.5774647887324,13.0492957746479,0.394366197183099,0.436619718309859,0.0903156600342739,0.239276323535183
"16",10,2017,0.253731343283582,0.343283582089552,0.492537313432836,3.08955223880597,2.26865671641791,"Y","N","N",0.626865671641791,0.26865671641791,0.119402985074627,0.358208955223881,1,12.7164179104478,2.23880597014925,0.537313432835821,0.283582089552239,0.0831207652451176,0.175787166201674
"17",10,2018,0.36144578313253,0.265060240963855,0.469879518072289,2.73493975903614,2.3855421686747,"Y","N","N",0.783132530120482,0.265060240963855,0.120481927710843,0.385542168674699,0.987951807228916,11.2168674698795,2.57831325301205,0.566265060240964,0.265060240963855,0.0831207652451176,0.175787166201674
"18",10,2019,0.25,0.258064516129032,0.459677419354839,2.70967741935484,2.2741935483871,"Y","N","N",0.67741935483871,0.137096774193548,0.185483870967742,0.346774193548387,0.967741935483871,12.3790322580645,1.62096774193548,0.532258064516129,0.32258064516129,0.0831207652451176,0.175787166201674
"19",13,2017,0.197916666666667,0.177083333333333,0.6875,2.91145833333333,2.20833333333333,"Y","N","N",0.364583333333333,0.09375,0.494791666666667,0.510416666666667,1,10.90625,17.5885416666667,0.520833333333333,0.307291666666667,0.0519436138402392,0.0914673216574114
"20",13,2018,0.187845303867403,0.248618784530387,0.530386740331492,2.80662983425414,2.20994475138122,"Y","N","N",0.408839779005525,0.0939226519337017,0.287292817679558,0.408839779005525,1,12.0110497237569,11.1325966850829,0.558011049723757,0.25414364640884,0.0519436138402392,0.0914673216574114
"21",13,2019,0.303664921465969,0.418848167539267,0.282722513089005,2.83246073298429,2.29319371727749,"Y","N","N",0.554973821989529,0.219895287958115,0.120418848167539,0.492146596858639,0.931937172774869,12.4973821989529,3.08900523560209,0.643979057591623,0.277486910994764,0.0519436138402392,0.0914673216574114
"22",14,2017,0.294736842105263,0.231578947368421,0.463157894736842,2.68421052631579,2.31578947368421,"Y","N","N",0.652631578947368,0.147368421052632,0.157894736842105,0.189473684210526,0.989473684210526,12.8842105263158,5.89473684210526,0.6,0.189473684210526,0.0717156554162026,0.106435523703453
"23",14,2018,0.186813186813187,0.362637362637363,0.384615384615385,2.97802197802198,2.18681318681319,"Y","N","N",0.571428571428571,0.230769230769231,0.10989010989011,0.307692307692308,0.989010989010989,12.032967032967,4.30769230769231,0.659340659340659,0.186813186813187,0.0717156554162026,0.106435523703453
"24",14,2019,0.304054054054054,0.391891891891892,0.391891891891892,2.97297297297297,2.2972972972973,"Y","N","N",0.574324324324324,0.27027027027027,0.168918918918919,0.25,0.993243243243243,14.027027027027,4.47972972972973,0.581081081081081,0.243243243243243,0.0717156554162026,0.106435523703453
"25",17,2017,0.292682926829268,0.24390243902439,0.292682926829268,2.36585365853659,2.29268292682927,"Y","N","N",0.585365853658537,0.24390243902439,0.146341463414634,0.341463414634146,1,14.8048780487805,27.8536585365854,0.609756097560976,0.219512195121951,0.0216237393524252,0.0580719358997043
"26",17,2018,0.4,0.433333333333333,0.333333333333333,2.96666666666667,2.36666666666667,"Y","N","N",0.466666666666667,0.4,0.133333333333333,0.466666666666667,1,9.7,1.46666666666667,0.433333333333333,0.233333333333333,0.0216237393524252,0.0580719358997043
"27",17,2019,0.269230769230769,0.461538461538462,0.269230769230769,2.92307692307692,2.28846153846154,"Y","N","N",0.576923076923077,0.269230769230769,0.115384615384615,0.596153846153846,0.884615384615385,10.7307692307692,2.63461538461538,0.634615384615385,0.173076923076923,0.0216237393524252,0.0580719358997043
"28",18,2017,0.339622641509434,0.245283018867925,0.358490566037736,2.47169811320755,2.30188679245283,"Y","N","N",0.641509433962264,0.188679245283019,0.132075471698113,0.39622641509434,1,10.9811320754717,2.81132075471698,0.509433962264151,0.320754716981132,0.0574483039248326,0.164299189879037
"29",18,2018,0.25,0.34375,0.333333333333333,2.69791666666667,2.25,"Y","N","N",0.489583333333333,0.1875,0.0520833333333333,0.208333333333333,1,20.6979166666667,1.90625,0.5,0.197916666666667,0.0574483039248326,0.164299189879037
"30",18,2019,0.240223463687151,0.435754189944134,0.307262569832402,2.92737430167598,2.24022346368715,"Y","N","N",0.525139664804469,0.189944134078212,0.122905027932961,0.363128491620112,0.955307262569832,13.463687150838,3.18435754189944,0.659217877094972,0.173184357541899,0.0574483039248326,0.164299189879037
"31",19,2017,0.260162601626016,0.284552845528455,0.292682926829268,2.4390243902439,2.29268292682927,"Y","N","N",0.544715447154472,0.138211382113821,0.0975609756097561,0.300813008130081,1,21.3983739837398,2.43089430894309,0.544715447154472,0.211382113821138,0.0257611915931604,0.06639328912556
"32",19,2018,0.263888888888889,0.24537037037037,0.347222222222222,2.43055555555556,2.28240740740741,"Y","N","N",0.50462962962963,0.194444444444444,0.125,0.402777777777778,0.972222222222222,13.2592592592593,43.3472222222222,0.555555555555556,0.222222222222222,0.0257611915931604,0.06639328912556
"33",19,2019,0.240418118466899,0.191637630662021,0.268292682926829,2.11149825783972,2.21951219512195,"Y","N","N",0.64808362369338,0.0940766550522648,0.111498257839721,0.45993031358885,0.982578397212544,11.780487804878,2.81533101045296,0.533101045296167,0.320557491289199,0.0257611915931604,0.06639328912556
"34",20,2017,0.384615384615385,0.192307692307692,0.307692307692308,2.21153846153846,2.42307692307692,"Y","N","N",0.423076923076923,0.269230769230769,0.0576923076923077,0.365384615384615,1,12.5192307692308,3.67307692307692,0.634615384615385,0.25,0.0439565793576551,0.0838887589647646
"35",20,2018,0.185714285714286,0.257142857142857,0.185714285714286,2.14285714285714,2.15714285714286,"Y","N","N",0.514285714285714,0.2,0.171428571428571,0.528571428571429,0.971428571428571,9.87142857142857,1.77142857142857,0.585714285714286,0.242857142857143,0.0439565793576551,0.0838887589647646
"36",20,2019,0.25974025974026,0.194805194805195,0.220779220779221,2.03896103896104,2.27272727272727,"Y","N","N",0.558441558441558,0.194805194805195,0.188311688311688,0.480519480519481,0.915584415584416,9.81168831168831,2.83116883116883,0.597402597402597,0.246753246753247,0.0439565793576551,0.0838887589647646
"37",22,2017,0.16,0.84,0.04,3.6,2.16,"N","N","Y",0.36,0.32,0,0.08,0.96,15.2,2.32,0.52,0.32,0.72,0.24
"38",22,2018,0.125,0.666666666666667,0.208333333333333,3.41666666666667,2.125,"N","N","Y",0.75,0.208333333333333,0.0833333333333333,0.166666666666667,1,11.375,3.375,0.708333333333333,0.166666666666667,0.72,0.24
"39",22,2019,0.152173913043478,0.58695652173913,0.152173913043478,3.06521739130435,2.15217391304348,"N","N","Y",0.630434782608696,0.217391304347826,0.0217391304347826,0.391304347826087,0.934782608695652,10.6521739130435,1.56521739130435,0.630434782608696,0.152173913043478,0.72,0.24
"40",23,2017,0.156626506024096,0.256024096385542,0.530120481927711,2.86746987951807,2.16867469879518,"N","Y","N",0.593373493975904,0.36144578313253,0.19578313253012,0.343373493975904,0.996987951807229,9.15060240963855,10.2650602409639,0.572289156626506,0.394578313253012,0.313900363855224,0.501408913085109
"41",23,2018,0.150724637681159,0.28695652173913,0.478260869565217,2.8695652173913,2.15942028985507,"N","Y","N",0.469565217391304,0.336231884057971,0.159420289855072,0.234782608695652,0.985507246376812,8.53623188405797,16.5855072463768,0.594202898550725,0.353623188405797,0.313900363855224,0.501408913085109
"42",23,2019,0.175342465753425,0.353424657534247,0.452054794520548,2.97260273972603,2.17808219178082,"N","Y","N",0.515068493150685,0.405479452054795,0.161643835616438,0.205479452054795,0.978082191780822,8.78356164383562,1.9041095890411,0.567123287671233,0.364383561643836,0.313900363855224,0.501408913085109
"43",24,2017,0.210843373493976,0.186746987951807,0.542168674698795,2.66265060240964,2.2710843373494,"Y","N","N",0.650602409638554,0.283132530120482,0.174698795180723,0.301204819277108,0.993975903614458,12.1807228915663,52.7048192771084,0.58433734939759,0.379518072289157,0.137723088483938,0.213582566222055
"44",24,2018,0.217391304347826,0.206521739130435,0.309782608695652,2.2445652173913,2.21195652173913,"Y","N","N",0.625,0.179347826086957,0.125,0.440217391304348,0.994565217391304,10.2934782608696,1.85326086956522,0.576086956521739,0.331521739130435,0.137723088483938,0.213582566222055
"45",24,2019,0.255555555555556,0.288888888888889,0.422222222222222,2.71666666666667,2.27777777777778,"Y","N","N",0.661111111111111,0.327777777777778,0.138888888888889,0.355555555555556,0.972222222222222,8.01666666666667,1.53888888888889,0.638888888888889,0.25,0.137723088483938,0.213582566222055
"46",25,2017,0.183246073298429,0.361256544502618,0.465968586387435,3.0261780104712,2.20418848167539,"N","N","N",0.507853403141361,0.303664921465969,0.141361256544503,0.335078534031414,1,9.57068062827225,13.434554973822,0.633507853403141,0.345549738219895,0.462883662060964,0.477460183524945
"47",25,2018,0.222727272727273,0.331818181818182,0.427272727272727,2.89545454545455,2.25454545454545,"N","N","N",0.672727272727273,0.390909090909091,0.136363636363636,0.195454545454545,0.995454545454545,9.67272727272727,3.77272727272727,0.654545454545455,0.290909090909091,0.462883662060964,0.477460183524945
"48",25,2019,0.16304347826087,0.289855072463768,0.489130434782609,2.90579710144928,2.15579710144928,"N","N","N",0.521739130434783,0.297101449275362,0.123188405797101,0.25,0.971014492753623,12,4.58333333333333,0.648550724637681,0.27536231884058,0.462883662060964,0.477460183524945
"49",26,2017,0.223684210526316,0.263157894736842,0.578947368421053,2.94736842105263,2.22368421052632,"N","N","N",0.631578947368421,0.184210526315789,0.171052631578947,0.421052631578947,1,9.55263157894737,2.23684210526316,0.605263157894737,0.315789473684211,0.234507554334653,0.247980124424335
"50",26,2018,0.25,0.239583333333333,0.40625,2.57291666666667,2.29166666666667,"N","N","N",0.552083333333333,0.239583333333333,0.239583333333333,0.489583333333333,0.989583333333333,13.25,286.8125,0.614583333333333,0.291666666666667,0.234507554334653,0.247980124424335
"51",26,2019,0.28125,0.34375,0.354166666666667,2.76041666666667,2.30208333333333,"N","N","N",0.677083333333333,0.28125,0.208333333333333,0.447916666666667,0.958333333333333,8.51041666666667,23.7395833333333,0.697916666666667,0.239583333333333,0.234507554334653,0.247980124424335
"52",28,2017,0.192857142857143,0.2,0.671428571428571,2.94285714285714,2.22857142857143,"N","N","Y",0.607142857142857,0.214285714285714,0.135714285714286,0.378571428571429,0.985714285714286,10.5285714285714,1.77857142857143,0.8,0.128571428571429,0.603671199839218,0.209754136799089
"53",28,2018,0.25,0.37037037037037,0.518518518518518,3.15740740740741,2.26851851851852,"N","N","Y",0.518518518518518,0.212962962962963,0.148148148148148,0.231481481481481,0.990740740740741,10.4074074074074,2.22222222222222,0.787037037037037,0.111111111111111,0.603671199839218,0.209754136799089
"54",28,2019,0.279761904761905,0.333333333333333,0.452380952380952,2.94047619047619,2.33928571428571,"N","N","Y",0.589285714285714,0.339285714285714,0.0952380952380952,0.202380952380952,0.994047619047619,10.4345238095238,15.4166666666667,0.869047619047619,0.0892857142857143,0.603671199839218,0.209754136799089
"55",30,2017,0.174418604651163,0.22093023255814,0.546511627906977,2.80232558139535,2.24418604651163,"N","Y","N",0.732558139534884,0.244186046511628,0.186046511627907,0.255813953488372,0.988372093023256,6.95348837209302,29.0581395348837,0.616279069767442,0.36046511627907,0.347746560105463,0.573865040784378
"56",30,2018,0.178217821782178,0.405940594059406,0.386138613861386,2.99009900990099,2.18811881188119,"N","Y","N",0.663366336633663,0.287128712871287,0.0693069306930693,0.198019801980198,0.99009900990099,9.65346534653465,1.69306930693069,0.534653465346535,0.425742574257426,0.347746560105463,0.573865040784378
"57",30,2019,0.265486725663717,0.398230088495575,0.380530973451327,2.95575221238938,2.29203539823009,"N","Y","N",0.557522123893805,0.309734513274336,0.106194690265487,0.309734513274336,0.964601769911504,8.10619469026549,1.31858407079646,0.672566371681416,0.300884955752212,0.347746560105463,0.573865040784378
"58",32,2017,0.25531914893617,0.234042553191489,0.632978723404255,3.02127659574468,2.3031914893617,"N","N","Y",0.622340425531915,0.180851063829787,0.271276595744681,0.436170212765957,0.98936170212766,9.87765957446809,2.65957446808511,0.861702127659574,0.138297872340426,0.724690592314849,0.229751064249669
"59",32,2018,0.192857142857143,0.264285714285714,0.521428571428571,2.87857142857143,2.2,"N","N","Y",0.635714285714286,0.321428571428571,0.307142857142857,0.35,0.992857142857143,10.3,12.4428571428571,0.757142857142857,0.185714285714286,0.724690592314849,0.229751064249669
"60",32,2019,0.169811320754717,0.332075471698113,0.471698113207547,2.95471698113208,2.21132075471698,"N","N","Y",0.588679245283019,0.381132075471698,0.173584905660377,0.384905660377359,0.954716981132075,8.45283018867925,10.6716981132075,0.818867924528302,0.158490566037736,0.724690592314849,0.229751064249669
"61",33,2017,0.169230769230769,0.18974358974359,0.682051282051282,2.95384615384615,2.20512820512821,"N","Y","N",0.635897435897436,0.220512820512821,0.112820512820513,0.312820512820513,1,11.3846153846154,17.7794871794872,0.225641025641026,0.723076923076923,0.184711141141922,0.7428467475766
"62",33,2018,0.141732283464567,0.291338582677165,0.47244094488189,2.81889763779528,2.11023622047244,"N","Y","N",0.566929133858268,0.346456692913386,0.133858267716535,0.220472440944882,0.992125984251969,10.1496062992126,11.5354330708661,0.362204724409449,0.606299212598425,0.184711141141922,0.7428467475766
"63",33,2019,0.158620689655172,0.303448275862069,0.524137931034483,2.96551724137931,2.20689655172414,"N","Y","N",0.579310344827586,0.268965517241379,0.103448275862069,0.248275862068966,0.986206896551724,9.99310344827586,1.58620689655172,0.406896551724138,0.56551724137931,0.184711141141922,0.7428467475766
"64",34,2017,0.136842105263158,0.315789473684211,0.505263157894737,3.00526315789474,2.12105263157895,"N","Y","N",0.663157894736842,0.405263157894737,0.178947368421053,0.268421052631579,1,10.1105263157895,6.87894736842105,0.147368421052632,0.821052631578947,0.108913693371778,0.68818878137659
"65",34,2018,0.25,0.372340425531915,0.457446808510638,3.05851063829787,2.3031914893617,"N","Y","N",0.643617021276596,0.398936170212766,0.143617021276596,0.234042553191489,0.98936170212766,10.0212765957447,1.98404255319149,0.132978723404255,0.803191489361702,0.108913693371778,0.68818878137659
"66",34,2019,0.202586206896552,0.383620689655172,0.478448275862069,3.12068965517241,2.22844827586207,"N","Y","N",0.668103448275862,0.452586206896552,0.172413793103448,0.237068965517241,0.987068965517241,10.0991379310345,1.68965517241379,0.181034482758621,0.762931034482759,0.108913693371778,0.68818878137659
"67",40,2017,0.228021978021978,0.255494505494505,0.582417582417582,2.98351648351648,2.25549450549451,"N","Y","N",0.673076923076923,0.304945054945055,0.159340659340659,0.31043956043956,0.986263736263736,9.4010989010989,6.53846153846154,0.535714285714286,0.450549450549451,0.343016710930413,0.709170792484999
"68",40,2018,0.184466019417476,0.223300970873786,0.631067961165049,2.96763754045307,2.20711974110032,"N","Y","N",0.634304207119741,0.343042071197411,0.220064724919094,0.333333333333333,0.983818770226537,8.86407766990291,1.94498381877023,0.488673139158576,0.495145631067961,0.343016710930413,0.709170792484999
"69",40,2019,0.2,0.266666666666667,0.568627450980392,2.97254901960784,2.23137254901961,"N","Y","N",0.588235294117647,0.392156862745098,0.258823529411765,0.352941176470588,0.964705882352941,7.4078431372549,6.81960784313725,0.513725490196078,0.470588235294118,0.343016710930413,0.709170792484999
"70",41,2017,0.264367816091954,0.241379310344828,0.609195402298851,2.94252873563218,2.31034482758621,"N","Y","N",0.689655172413793,0.195402298850575,0.183908045977011,0.229885057471264,1,8.83908045977011,1.40229885057471,0.505747126436782,0.482758620689655,0.30295142211844,0.748172108869579
"71",41,2018,0.138888888888889,0.263888888888889,0.555555555555556,2.90277777777778,2.125,"N","Y","N",0.638888888888889,0.458333333333333,0.291666666666667,0.319444444444444,0.986111111111111,10.6111111111111,1.72222222222222,0.513888888888889,0.472222222222222,0.30295142211844,0.748172108869579
"72",41,2019,0.286885245901639,0.319672131147541,0.524590163934426,3.05737704918033,2.32786885245902,"N","Y","N",0.713114754098361,0.39344262295082,0.213114754098361,0.286885245901639,0.942622950819672,12.7459016393443,1.74590163934426,0.450819672131148,0.540983606557377,0.30295142211844,0.748172108869579
"73",42,2017,0.219858156028369,0.205673758865248,0.631205673758865,2.91843971631206,2.24113475177305,"N","Y","N",0.75177304964539,0.287234042553192,0.24822695035461,0.351063829787234,0.971631205673759,10.1985815602837,1.64893617021277,0.620567375886525,0.365248226950355,0.481632857751812,0.57687871417467
"74",42,2018,0.136,0.204,0.624,2.884,2.18,"N","Y","N",0.624,0.396,0.232,0.244,0.984,8.636,1.68,0.692,0.3,0.481632857751812,0.57687871417467
"75",42,2019,0.234567901234568,0.201646090534979,0.670781893004115,2.97942386831276,2.2716049382716,"N","Y","N",0.609053497942387,0.312757201646091,0.329218106995885,0.395061728395062,0.967078189300412,7.57201646090535,1.80246913580247,0.650205761316872,0.333333333333333,0.481632857751812,0.57687871417467
"76",43,2017,0.18,0.34,0.52,3.08,2.19,"N","Y","N",0.64,0.44,0.25,0.36,0.97,7.43,1.58,0.53,0.47,0.380497554060492,0.576410917837348
"77",43,2018,0.184143222506394,0.222506393861893,0.601023017902813,2.93350383631714,2.19437340153453,"N","Y","N",0.657289002557545,0.314578005115089,0.171355498721228,0.276214833759591,0.989769820971867,9.45780051150895,1.97953964194373,0.59079283887468,0.39386189258312,0.380497554060492,0.576410917837348
"78",43,2019,0.187943262411348,0.326241134751773,0.5,2.98936170212766,2.18439716312057,"N","Y","N",0.570921985815603,0.351063829787234,0.148936170212766,0.283687943262411,0.985815602836879,10.8049645390071,1.68439716312057,0.549645390070922,0.425531914893617,0.380497554060492,0.576410917837348
"79",44,2017,0.180212014134276,0.219081272084806,0.643109540636042,2.98939929328622,2.21554770318021,"N","Y","N",0.643109540636042,0.406360424028269,0.190812720848057,0.286219081272085,0.996466431095406,12.0494699646643,2.4452296819788,0.49469964664311,0.501766784452297,0.402141476772215,0.63054745597203
"80",44,2018,0.266968325791855,0.257918552036199,0.610859728506787,3.01357466063348,2.31674208144796,"N","Y","N",0.660633484162896,0.389140271493213,0.271493212669683,0.32579185520362,0.981900452488688,8.28506787330317,7.02262443438914,0.425339366515837,0.524886877828054,0.402141476772215,0.63054745597203
"81",44,2019,0.228971962616822,0.280373831775701,0.588785046728972,3.03738317757009,2.23364485981308,"N","Y","N",0.663551401869159,0.411214953271028,0.228971962616822,0.303738317757009,0.94392523364486,12.5,2.06542056074766,0.52803738317757,0.448598130841121,0.402141476772215,0.63054745597203
"82",45,2017,0.192307692307692,0.538461538461538,0.307692307692308,3.23076923076923,2.23076923076923,"Y","N","N",0.528846153846154,0.278846153846154,0.134615384615385,0.134615384615385,0.990384615384615,10.9326923076923,1.81730769230769,0.663461538461538,0.25,0.25867105840292,0.365587215413008
"83",45,2018,0.184466019417476,0.252427184466019,0.572815533980582,2.93203883495146,2.21359223300971,"Y","N","N",0.58252427184466,0.320388349514563,0.0679611650485437,0.135922330097087,1,8.78640776699029,1.77669902912621,0.456310679611651,0.398058252427184,0.25867105840292,0.365587215413008
"84",45,2019,0.261682242990654,0.373831775700935,0.439252336448598,3,2.29906542056075,"Y","N","N",0.504672897196262,0.261682242990654,0.130841121495327,0.289719626168224,0.94392523364486,18.7757009345794,1.44859813084112,0.523364485981308,0.299065420560748,0.25867105840292,0.365587215413008
"85",46,2017,0.174074074074074,0.355555555555556,0.507407407407407,3.10740740740741,2.19259259259259,"N","Y","N",0.692592592592593,0.340740740740741,0.2,0.337037037037037,1,8.74814814814815,2.76666666666667,0.477777777777778,0.511111111111111,0.366084243369735,0.667706708268331
"86",46,2018,0.165413533834586,0.259398496240602,0.552631578947368,2.91729323308271,2.17669172932331,"N","Y","N",0.597744360902256,0.334586466165414,0.203007518796992,0.296992481203008,0.996240601503759,10.7293233082707,18.3533834586466,0.522556390977444,0.458646616541353,0.366084243369735,0.667706708268331
"87",46,2019,0.168674698795181,0.337349397590361,0.469879518072289,2.98795180722892,2.17670682730924,"N","Y","N",0.566265060240964,0.329317269076305,0.14859437751004,0.281124497991968,0.951807228915663,6.81526104417671,1.40562248995984,0.534136546184739,0.449799196787149,0.366084243369735,0.667706708268331
"88",47,2017,0.23030303030303,0.260606060606061,0.521212121212121,2.86060606060606,2.21212121212121,"N","N","Y",0.696969696969697,0.339393939393939,0.139393939393939,0.309090909090909,1,10.969696969697,28.7636363636364,0.812121212121212,0.187878787878788,0.692624726003124,0.229166393216691
"89",47,2018,0.278846153846154,0.375,0.461538461538462,3.05769230769231,2.30769230769231,"N","N","Y",0.528846153846154,0.394230769230769,0.144230769230769,0.211538461538462,0.971153846153846,10.4038461538462,2.06730769230769,0.663461538461538,0.298076923076923,0.692624726003124,0.229166393216691
"90",47,2019,0.225806451612903,0.333333333333333,0.456989247311828,2.91935483870968,2.25268817204301,"N","N","Y",0.580645161290323,0.451612903225806,0.21505376344086,0.403225806451613,0.967741935483871,14.3817204301075,1.63978494623656,0.725806451612903,0.209677419354839,0.692624726003124,0.229166393216691
"91",48,2017,0.311926605504587,0.284403669724771,0.559633027522936,2.99082568807339,2.40825688073395,"N","Y","N",0.568807339449541,0.380733944954128,0.188073394495413,0.206422018348624,1,11.9357798165138,10.8669724770642,0.596330275229358,0.371559633027523,0.338613599788629,0.641882641174069
"92",48,2018,0.242718446601942,0.257281553398058,0.519417475728155,2.83980582524272,2.29126213592233,"N","Y","N",0.62621359223301,0.412621359223301,0.184466019417476,0.228155339805825,0.990291262135922,14.1796116504854,60.3155339805825,0.519417475728155,0.436893203883495,0.338613599788629,0.641882641174069
"93",48,2019,0.163265306122449,0.306122448979592,0.526530612244898,3,2.21224489795918,"N","Y","N",0.640816326530612,0.391836734693878,0.179591836734694,0.236734693877551,0.991836734693878,8.36734693877551,2.06530612244898,0.551020408163265,0.428571428571429,0.338613599788629,0.641882641174069
"94",49,2017,0.12962962962963,0.222222222222222,0.507407407407407,2.7037037037037,2.12222222222222,"N","N","N",0.607407407407407,0.337037037037037,0.192592592592593,0.351851851851852,0.988888888888889,8.92222222222222,11.8888888888889,0.488888888888889,0.414814814814815,0.249058511751168,0.424724527512379
"95",49,2018,0.154929577464789,0.309859154929577,0.436619718309859,2.83802816901408,2.19718309859155,"N","N","N",0.528169014084507,0.23943661971831,0.197183098591549,0.267605633802817,1,8.33098591549296,17.7042253521127,0.422535211267606,0.436619718309859,0.249058511751168,0.424724527512379
"96",49,2019,0.260162601626016,0.349593495934959,0.308943089430894,2.66666666666667,2.28455284552846,"N","N","N",0.495934959349593,0.357723577235772,0.0894308943089431,0.430894308943089,0.934959349593496,9.76422764227642,1.84552845528455,0.569105691056911,0.357723577235772,0.249058511751168,0.424724527512379
"97",50,2017,0.346938775510204,0.285714285714286,0.408163265306122,2.6734693877551,2.44897959183673,"Y","N","N",0.510204081632653,0.36734693877551,0.183673469387755,0.204081632653061,0.979591836734694,9.42857142857143,1,0.346938775510204,0.551020408163265,0.154640188753441,0.434093590247739
"98",50,2018,0.355555555555556,0.177777777777778,0.444444444444444,2.42222222222222,2.51111111111111,"Y","N","N",0.622222222222222,0.266666666666667,0.0888888888888889,0.177777777777778,1,10.1555555555556,2.2,0.377777777777778,0.533333333333333,0.154640188753441,0.434093590247739
"99",50,2019,0.204081632653061,0.23469387755102,0.489795918367347,2.69387755102041,2.22448979591837,"Y","N","N",0.663265306122449,0.316326530612245,0.214285714285714,0.316326530612245,0.887755102040816,8.51020408163265,9.90816326530612,0.275510204081633,0.622448979591837,0.154640188753441,0.434093590247739
"100",52,2017,0.178571428571429,0.366071428571429,0.433035714285714,2.99553571428571,2.1875,"N","Y","N",0.558035714285714,0.392857142857143,0.178571428571429,0.272321428571429,1,9.22767857142857,2.11160714285714,0.392857142857143,0.589285714285714,0.251487721363607,0.653097116440667
"101",52,2018,0.168316831683168,0.316831683168317,0.440594059405941,2.87623762376238,2.16336633663366,"N","Y","N",0.643564356435644,0.346534653465347,0.193069306930693,0.232673267326733,0.995049504950495,10.9455445544554,1.84158415841584,0.346534653465347,0.623762376237624,0.251487721363607,0.653097116440667
"102",52,2019,0.136507936507936,0.26031746031746,0.666666666666667,3.13333333333333,2.13650793650794,"N","Y","N",0.679365079365079,0.371428571428571,0.247619047619048,0.19047619047619,0.984126984126984,7.35873015873016,7.24126984126984,0.380952380952381,0.580952380952381,0.251487721363607,0.653097116440667
"103",60,2017,0.204419889502762,0.237569060773481,0.552486187845304,2.83977900552486,2.23204419889503,"Y","N","N",0.580110497237569,0.30939226519337,0.116022099447514,0.414364640883978,1,10.5359116022099,16.3370165745856,0.469613259668508,0.30939226519337,0.14382707761944,0.16708222252057
"104",60,2018,0.196531791907514,0.30635838150289,0.508670520231214,2.94797687861272,2.2485549132948,"Y","N","N",0.670520231213873,0.300578034682081,0.167630057803468,0.358381502890173,0.988439306358382,10.3063583815029,3.67630057803468,0.566473988439306,0.248554913294798,0.14382707761944,0.16708222252057
"105",60,2019,0.209876543209877,0.378600823045267,0.432098765432099,3.00411522633745,2.23868312757202,"Y","N","N",0.54320987654321,0.279835390946502,0.172839506172839,0.419753086419753,0.954732510288066,11.0082304526749,9.5761316872428,0.604938271604938,0.226337448559671,0.14382707761944,0.16708222252057
"106",61,2017,0.280821917808219,0.198630136986301,0.383561643835616,2.41095890410959,2.34931506849315,"Y","N","N",0.732876712328767,0.226027397260274,0.0821917808219178,0.376712328767123,1,11.8493150684932,15.8493150684932,0.445205479452055,0.116438356164384,0.0372075542610166,0.0816123273513107
"107",61,2018,0.242647058823529,0.352941176470588,0.330882352941176,2.73529411764706,2.25,"Y","N","N",0.522058823529412,0.25,0.0735294117647059,0.316176470588235,0.970588235294118,13.1029411764706,1.68382352941176,0.375,0.213235294117647,0.0372075542610166,0.0816123273513107
"108",61,2019,0.28169014084507,0.323943661971831,0.450704225352113,2.87323943661972,2.34507042253521,"Y","N","N",0.591549295774648,0.373239436619718,0.112676056338028,0.366197183098592,0.971830985915493,14.8661971830986,1.33802816901408,0.450704225352113,0.147887323943662,0.0372075542610166,0.0816123273513107
"109",62,2017,0.0714285714285714,0.397959183673469,0.295918367346939,2.83673469387755,2.10204081632653,"Y","N","N",0.571428571428571,0.244897959183673,0.275510204081633,0.459183673469388,1,17.1938775510204,118.326530612245,0.285714285714286,0.285714285714286,0.0104076799226293,0.133195223677197
"110",62,2018,0.147368421052632,0.210526315789474,0.505263157894737,2.66315789473684,2.14736842105263,"Y","N","N",0.652631578947368,0.315789473684211,0.147368421052632,0.357894736842105,1,12.9263157894737,3.02105263157895,0.189473684210526,0.315789473684211,0.0104076799226293,0.133195223677197
"111",62,2019,0.15748031496063,0.401574803149606,0.307086614173228,2.81889763779528,2.18897637795276,"Y","N","N",0.692913385826772,0.354330708661417,0.149606299212598,0.47244094488189,0.992125984251969,9,2.70866141732283,0.393700787401575,0.196850393700787,0.0104076799226293,0.133195223677197
"112",63,2017,0.165680473372781,0.337278106508876,0.437869822485207,2.9585798816568,2.12426035502959,"N","N","N",0.544378698224852,0.307692307692308,0.118343195266272,0.189349112426035,1,10.6627218934911,1.76923076923077,0.816568047337278,0.0769230769230769,0.446799698102093,0.0851112788321705
"113",63,2018,0.159509202453988,0.245398773006135,0.423312883435583,2.61349693251534,2.19018404907975,"N","N","N",0.638036809815951,0.257668711656442,0.049079754601227,0.233128834355828,0.975460122699387,8.6319018404908,2.96319018404908,0.834355828220859,0.0429447852760736,0.446799698102093,0.0851112788321705
"114",63,2019,0.188940092165899,0.258064516129032,0.516129032258065,2.81566820276498,2.20276497695853,"N","N","N",0.63594470046083,0.405529953917051,0.119815668202765,0.336405529953917,0.838709677419355,14.8986175115207,14.9308755760369,0.824884792626728,0.0506912442396313,0.446799698102093,0.0851112788321705
"115",66,2017,0.104166666666667,0.145833333333333,0.5625,2.58333333333333,2.08333333333333,"Y","N","N",0.520833333333333,0.1875,0.0625,0.1875,1,12.0625,2.3125,0.354166666666667,0.479166666666667,0.0277560063119834,0.129865922605052
"116",66,2018,0.203703703703704,0.111111111111111,0.537037037037037,2.46296296296296,2.18518518518519,"Y","N","N",0.648148148148148,0.148148148148148,0.0740740740740741,0.0555555555555556,1,11.5185185185185,1.57407407407407,0.222222222222222,0.518518518518518,0.0277560063119834,0.129865922605052
"117",66,2019,0.11864406779661,0.406779661016949,0.288135593220339,2.79661016949153,2.10169491525424,"Y","N","N",0.559322033898305,0.305084745762712,0.101694915254237,0.254237288135593,0.966101694915254,17,1.52542372881356,0.203389830508475,0.508474576271186,0.0277560063119834,0.129865922605052
"118",67,2017,0.298755186721992,0.232365145228216,0.643153526970954,2.99170124481328,2.37344398340249,"N","N","Y",0.630705394190871,0.394190871369295,0.112033195020747,0.186721991701245,1,14.4315352697095,2.53941908713693,0.962655601659751,0.033195020746888,0.915389173730451,0.0678638600468915
"119",67,2018,0.25,0.208333333333333,0.569444444444444,2.79513888888889,2.30902777777778,"N","N","Y",0.618055555555556,0.385416666666667,0.170138888888889,0.222222222222222,0.979166666666667,11.6770833333333,23.6666666666667,0.927083333333333,0.0520833333333333,0.915389173730451,0.0678638600468915
"120",67,2019,0.203761755485893,0.272727272727273,0.507836990595611,2.84012539184953,2.24451410658307,"N","N","Y",0.579937304075235,0.313479623824451,0.156739811912226,0.326018808777429,0.974921630094044,9.60815047021944,6.06583072100313,0.952978056426332,0.0313479623824451,0.915389173730451,0.0678638600468915
"121",68,2017,0.238095238095238,0.206349206349206,0.523809523809524,2.66666666666667,2.26984126984127,"Y","N","N",0.317460317460317,0.253968253968254,0.158730158730159,0.412698412698413,0.984126984126984,12.031746031746,23.2222222222222,0.253968253968254,0.396825396825397,0.018378838630905,0.143528447839603
"122",68,2018,0.224489795918367,0.183673469387755,0.36734693877551,2.28571428571429,2.22448979591837,"Y","N","N",0.571428571428571,0.204081632653061,0.0816326530612245,0.306122448979592,1,10.5510204081633,2.93877551020408,0.142857142857143,0.224489795918367,0.018378838630905,0.143528447839603
"123",68,2019,0.0958904109589041,0.219178082191781,0.301369863013699,2.26027397260274,2.13698630136986,"Y","N","N",0.493150684931507,0.219178082191781,0.178082191780822,0.493150684931507,0.958904109589041,12.8904109589041,1.12328767123288,0.205479452054795,0.301369863013699,0.018378838630905,0.143528447839603
"124",69,2017,0.251572327044025,0.270440251572327,0.427672955974843,2.72327044025157,2.24528301886792,"N","N","Y",0.578616352201258,0.320754716981132,0.157232704402516,0.320754716981132,0.981132075471698,9.75471698113208,13.5094339622642,0.911949685534591,0.0754716981132075,0.83850615530303,0.0835582386363636
"125",69,2018,0.225806451612903,0.219354838709677,0.483870967741935,2.66451612903226,2.23225806451613,"N","N","Y",0.580645161290323,0.232258064516129,0.141935483870968,0.27741935483871,1,12.7290322580645,25.0516129032258,0.948387096774194,0.0258064516129032,0.83850615530303,0.0835582386363636
"126",69,2019,0.181347150259067,0.217616580310881,0.507772020725389,2.6839378238342,2.19689119170984,"N","N","Y",0.606217616580311,0.243523316062176,0.10880829015544,0.295336787564767,0.958549222797927,11.7512953367876,1.69430051813472,0.937823834196891,0.0362694300518135,0.83850615530303,0.0835582386363636
"127",70,2017,0.153846153846154,0.326923076923077,0.403846153846154,2.82692307692308,2.13461538461538,"N","N","N",0.567307692307692,0.336538461538462,0.125,0.317307692307692,1,16.9903846153846,47.1153846153846,0.759615384615385,0.153846153846154,0.379574764726386,0.156631230393865
"128",70,2018,0.184210526315789,0.271929824561404,0.464912280701754,2.78070175438596,2.24561403508772,"N","N","N",0.631578947368421,0.184210526315789,0.114035087719298,0.263157894736842,0.982456140350877,10.5877192982456,1.73684210526316,0.728070175438597,0.114035087719298,0.379574764726386,0.156631230393865
"129",70,2019,0.13986013986014,0.202797202797203,0.636363636363636,2.88111888111888,2.16783216783217,"N","N","N",0.440559440559441,0.251748251748252,0.118881118881119,0.300699300699301,0.965034965034965,15.6783216783217,15.8811188811189,0.72027972027972,0.174825174825175,0.379574764726386,0.156631230393865
"130",71,2017,0.176767676767677,0.222222222222222,0.46969696969697,2.7020202020202,2.17171717171717,"N","N","Y",0.641414141414141,0.202020202020202,0.101010101010101,0.156565656565657,0.984848484848485,9.86363636363636,18.8787878787879,0.873737373737374,0.0909090909090909,0.715378597770982,0.0930315252618639
"131",71,2018,0.162011173184358,0.29608938547486,0.41340782122905,2.76536312849162,2.13966480446927,"N","N","Y",0.502793296089385,0.229050279329609,0.0614525139664804,0.122905027932961,1,11.0614525139665,15.8826815642458,0.860335195530726,0.0558659217877095,0.715378597770982,0.0930315252618639
"132",71,2019,0.177215189873418,0.227848101265823,0.548523206751055,2.81856540084388,2.17721518987342,"N","N","Y",0.510548523206751,0.291139240506329,0.177215189873418,0.30379746835443,0.970464135021097,9.68776371308017,1.77637130801688,0.919831223628692,0.0548523206751055,0.715378597770982,0.0930315252618639
"133",72,2017,0.166666666666667,0.402777777777778,0.236111111111111,2.70138888888889,2.17361111111111,"N","N","N",0.784722222222222,0.277777777777778,0.111111111111111,0.402777777777778,0.993055555555556,9.78472222222222,13.6805555555556,0.243055555555556,0.638888888888889,0.0463360532361562,0.454527449893052
"134",72,2018,0.484375,0.609375,0.213541666666667,3.265625,2.48958333333333,"N","N","N",0.369791666666667,0.526041666666667,0.0885416666666667,0.213541666666667,0.989583333333333,16.8854166666667,20.6458333333333,0.161458333333333,0.666666666666667,0.0463360532361562,0.454527449893052
"135",72,2019,0.321637426900585,0.39766081871345,0.222222222222222,2.68421052631579,2.32163742690058,"N","N","N",0.60233918128655,0.269005847953216,0.128654970760234,0.426900584795322,0.976608187134503,13.1754385964912,5.9766081871345,0.198830409356725,0.532163742690059,0.0463360532361562,0.454527449893052
"136",73,2017,0.150627615062762,0.263598326359833,0.548117154811716,2.90794979079498,2.14644351464435,"N","N","Y",0.556485355648536,0.280334728033473,0.158995815899582,0.284518828451883,0.99163179916318,9.86192468619247,500.828451882845,0.949790794979079,0.0460251046025105,0.81740065689041,0.200871998889763
"137",73,2018,0.215827338129496,0.212230215827338,0.622302158273381,2.92805755395683,2.24820143884892,"N","N","Y",0.629496402877698,0.284172661870504,0.20863309352518,0.241007194244604,0.974820143884892,12.9028776978417,376.334532374101,0.877697841726619,0.122302158273381,0.81740065689041,0.200871998889763
"138",73,2019,0.20746887966805,0.240663900414938,0.564315352697095,2.87136929460581,2.19917012448133,"N","N","Y",0.605809128630705,0.365145228215768,0.236514522821577,0.282157676348548,0.937759336099585,8.149377593361,8.72614107883817,0.908713692946058,0.0788381742738589,0.81740065689041,0.200871998889763
"139",75,2017,0.18,0.32,0.51,3.02,2.25,"N","N","Y",0.67,0.46,0.13,0.16,0.98,12.33,11.11,0.74,0.26,0.575209460638855,0.366179743410717
"140",75,2018,0.247663551401869,0.214953271028037,0.595794392523365,2.89953271028037,2.30140186915888,"N","N","Y",0.663551401869159,0.30607476635514,0.19392523364486,0.198598130841121,0.974299065420561,13.8808411214953,16.7476635514019,0.761682242990654,0.200934579439252,0.575209460638855,0.366179743410717
"141",75,2019,0.196319018404908,0.202453987730061,0.664621676891616,2.97955010224949,2.23926380368098,"N","N","Y",0.67280163599182,0.337423312883436,0.204498977505112,0.161554192229039,0.961145194274029,9.57055214723926,1.86298568507157,0.820040899795501,0.16359918200409,0.575209460638855,0.366179743410717
"142",76,2017,0.289156626506024,0.265060240963855,0.457831325301205,2.71084337349398,2.27710843373494,"Y","N","N",0.325301204819277,0.156626506024096,0.180722891566265,0.493975903614458,0.975903614457831,23.2530120481928,49.3975903614458,0.542168674698795,0.325301204819277,0.164873895729391,0.218405273035199
"143",76,2018,0.172043010752688,0.365591397849462,0.408602150537634,2.94623655913978,2.1505376344086,"Y","N","N",0.451612903225806,0.268817204301075,0.0967741935483871,0.290322580645161,0.989247311827957,8.9247311827957,1.62365591397849,0.548387096774194,0.333333333333333,0.164873895729391,0.218405273035199
"144",76,2019,0.206896551724138,0.275862068965517,0.370689655172414,2.58620689655172,2.22413793103448,"Y","N","N",0.629310344827586,0.327586206896552,0.129310344827586,0.387931034482759,0.956896551724138,9.69827586206897,3.02586206896552,0.577586206896552,0.318965517241379,0.164873895729391,0.218405273035199
"145",77,2017,0.182266009852217,0.172413793103448,0.532019704433498,2.61576354679803,2.19211822660099,"N","N","Y",0.67487684729064,0.246305418719212,0.118226600985222,0.201970443349754,0.985221674876847,9.63546798029557,26.0492610837438,0.891625615763547,0.0985221674876847,0.72183284845279,0.11856431279203
"146",77,2018,0.211267605633803,0.288732394366197,0.556338028169014,3,2.22535211267606,"N","N","Y",0.577464788732394,0.373239436619718,0.0915492957746479,0.232394366197183,0.985915492957746,8.69014084507042,1.66901408450704,0.915492957746479,0.0633802816901408,0.72183284845279,0.11856431279203
"147",77,2019,0.178260869565217,0.221739130434783,0.591304347826087,2.86086956521739,2.19565217391304,"N","N","Y",0.660869565217391,0.339130434782609,0.18695652173913,0.352173913043478,0.934782608695652,8.24347826086957,1.54347826086957,0.9,0.0826086956521739,0.72183284845279,0.11856431279203
"148",78,2017,0.253164556962025,0.126582278481013,0.594936708860759,2.56962025316456,2.27848101265823,"Y","N","N",0.594936708860759,0.151898734177215,0.164556962025316,0.215189873417722,1,8.44303797468354,1.31645569620253,0.632911392405063,0.20253164556962,0.104104164166567,0.153726149045962
"149",78,2018,0.231481481481481,0.296296296296296,0.37037037037037,2.62962962962963,2.23148148148148,"Y","N","N",0.601851851851852,0.296296296296296,0.12037037037037,0.444444444444444,0.990740740740741,13.9259259259259,21.3240740740741,0.537037037037037,0.37037037037037,0.104104164166567,0.153726149045962
"150",78,2019,0.180645161290323,0.264516129032258,0.374193548387097,2.55483870967742,2.18709677419355,"Y","N","N",0.516129032258065,0.180645161290323,0.103225806451613,0.283870967741935,0.967741935483871,12.7290322580645,1.65161290322581,0.632258064516129,0.251612903225806,0.104104164166567,0.153726149045962
"151",79,2017,0.194915254237288,0.224576271186441,0.614406779661017,2.94491525423729,2.20338983050847,"N","N","Y",0.580508474576271,0.300847457627119,0.177966101694915,0.241525423728814,0.995762711864407,12.4703389830508,45.2372881355932,0.838983050847458,0.127118644067797,0.607967827348969,0.221729833929739
"152",79,2018,0.182608695652174,0.243478260869565,0.565217391304348,2.91739130434783,2.19130434782609,"N","N","Y",0.652173913043478,0.308695652173913,0.191304347826087,0.204347826086957,0.98695652173913,9.17826086956522,2.26521739130435,0.808695652173913,0.156521739130435,0.607967827348969,0.221729833929739
"153",79,2019,0.19921875,0.23828125,0.55078125,2.8359375,2.1875,"N","N","Y",0.6484375,0.39453125,0.140625,0.1796875,0.98828125,10.1015625,9.796875,0.8203125,0.14453125,0.607967827348969,0.221729833929739
"154",81,2017,0.27906976744186,0.271317829457364,0.643410852713178,3.13178294573643,2.30232558139535,"N","N","Y",0.689922480620155,0.395348837209302,0.0930232558139535,0.224806201550388,1,10.937984496124,1.43410852713178,0.922480620155039,0.062015503875969,0.801983355122605,0.166990848506106
"155",81,2018,0.211382113821138,0.227642276422764,0.601626016260163,2.89430894308943,2.26829268292683,"N","N","Y",0.601626016260163,0.341463414634146,0.146341463414634,0.260162601626016,0.991869918699187,10.3414634146341,14.5528455284553,0.910569105691057,0.032520325203252,0.801983355122605,0.166990848506106
"156",81,2019,0.265536723163842,0.248587570621469,0.593220338983051,2.94915254237288,2.30508474576271,"N","N","Y",0.694915254237288,0.259887005649718,0.15819209039548,0.225988700564972,0.966101694915254,9.57627118644068,1.64406779661017,0.903954802259887,0.0790960451977401,0.801983355122605,0.166990848506106
"157",83,2017,0.26984126984127,0.238095238095238,0.603174603174603,2.92857142857143,2.34920634920635,"N","Y","N",0.706349206349206,0.357142857142857,0.0952380952380952,0.174603174603175,1,11.984126984127,24.0238095238095,0.452380952380952,0.523809523809524,0.249436227071755,0.653585950956194
"158",83,2018,0.213793103448276,0.344827586206897,0.482758620689655,3.02758620689655,2.26206896551724,"N","Y","N",0.503448275862069,0.379310344827586,0.117241379310345,0.303448275862069,0.972413793103448,11.551724137931,4.02068965517241,0.510344827586207,0.406896551724138,0.249436227071755,0.653585950956194
"159",83,2019,0.1375,0.25,0.53125,2.8375,2.15,"N","Y","N",0.625,0.2625,0.1125,0.18125,0.98125,11.79375,2.8,0.49375,0.4,0.249436227071755,0.653585950956194
"160",84,2017,0.237179487179487,0.358974358974359,0.333333333333333,2.79487179487179,2.24358974358974,"Y","N","N",0.596153846153846,0.205128205128205,0.134615384615385,0.333333333333333,0.993589743589744,14.7948717948718,29.3141025641026,0.75,0.179487179487179,0.134243505685119,0.126110050626608
"161",84,2018,0.195488721804511,0.383458646616541,0.240601503759398,2.63157894736842,2.17293233082707,"Y","N","N",0.646616541353383,0.24812030075188,0.0902255639097744,0.338345864661654,0.992481203007519,15.4812030075188,31.984962406015,0.766917293233083,0.0977443609022556,0.134243505685119,0.126110050626608
"162",84,2019,0.238095238095238,0.339285714285714,0.380952380952381,2.80357142857143,2.26190476190476,"Y","N","N",0.428571428571429,0.297619047619048,0.113095238095238,0.244047619047619,0.988095238095238,13.1428571428571,2.00595238095238,0.81547619047619,0.130952380952381,0.134243505685119,0.126110050626608
"163",88,2017,0.25609756097561,0.475609756097561,0.365853658536585,3.15853658536585,2.23170731707317,"N","N","N",0.451219512195122,0.268292682926829,0.121951219512195,0.182926829268293,1,17.5,5.51219512195122,0.817073170731707,0.146341463414634,0.454600260593921,0.157387059761576
"164",88,2018,0.256880733944954,0.293577981651376,0.440366972477064,2.77981651376147,2.30275229357798,"N","N","N",0.559633027522936,0.302752293577982,0.128440366972477,0.394495412844037,0.954128440366973,9.59633027522936,1.95412844036697,0.844036697247706,0.146788990825688,0.454600260593921,0.157387059761576
"165",88,2019,0.165217391304348,0.269565217391304,0.48695652173913,2.8,2.12173913043478,"N","N","N",0.539130434782609,0.226086956521739,0.121739130434783,0.260869565217391,0.965217391304348,9.29565217391304,19.0782608695652,0.791304347826087,0.156521739130435,0.454600260593921,0.157387059761576
"166",90,2017,0.158620689655172,0.137931034482759,0.537931034482759,2.52413793103448,2.15862068965517,"Y","N","N",0.510344827586207,0.158620689655172,0.110344827586207,0.289655172413793,0.986206896551724,11.3655172413793,27.7931034482759,0.489655172413793,0.441379310344828,0.085367523708446,0.32455749940087
"167",90,2018,0.225165562913907,0.125827814569536,0.609271523178808,2.60264900662252,2.22516556291391,"Y","N","N",0.543046357615894,0.145695364238411,0.0927152317880795,0.19205298013245,0.986754966887417,12.9867549668874,1.72847682119205,0.423841059602649,0.456953642384106,0.085367523708446,0.32455749940087
"168",90,2019,0.212903225806452,0.296774193548387,0.490322580645161,2.87741935483871,2.2258064516129,"Y","N","N",0.574193548387097,0.341935483870968,0.129032258064516,0.251612903225806,0.974193548387097,19.341935483871,5.94838709677419,0.490322580645161,0.464516129032258,0.085367523708446,0.32455749940087
"169",94,2017,0.172043010752688,0.354838709677419,0.354838709677419,2.79569892473118,2.1505376344086,"Y","N","N",0.505376344086022,0.182795698924731,0.161290322580645,0.354838709677419,1,12.010752688172,7.05376344086022,0.451612903225806,0.279569892473118,0.0362152648141234,0.1615730616744
"170",94,2018,0.205882352941176,0.308823529411765,0.485294117647059,2.91176470588235,2.19117647058824,"Y","N","N",0.573529411764706,0.161764705882353,0.117647058823529,0.205882352941176,0.985294117647059,14.1029411764706,1.86764705882353,0.441176470588235,0.191176470588235,0.0362152648141234,0.1615730616744
"171",94,2019,0.178947368421053,0.242105263157895,0.505263157894737,2.73684210526316,2.15789473684211,"Y","N","N",0.621052631578947,0.168421052631579,0.0526315789473684,0.421052631578947,0.926315789473684,13.2631578947368,21.7157894736842,0.431578947368421,0.284210526315789,0.0362152648141234,0.1615730616744
"172",100,2017,0.224489795918367,0.255102040816327,0.448979591836735,2.69387755102041,2.23469387755102,"Y","N","N",0.612244897959184,0.224489795918367,0.153061224489796,0.36734693877551,0.979591836734694,10.3877551020408,2.41836734693878,0.795918367346939,0.0714285714285714,0.264938534426982,0.149458393337925
"173",100,2018,0.113207547169811,0.358490566037736,0.443396226415094,2.9622641509434,2.10377358490566,"Y","N","N",0.443396226415094,0.349056603773585,0.179245283018868,0.339622641509434,1,12.2452830188679,1.91509433962264,0.650943396226415,0.179245283018868,0.264938534426982,0.149458393337925
"174",100,2019,0.150537634408602,0.290322580645161,0.43010752688172,2.73118279569892,2.16129032258065,"Y","N","N",0.451612903225806,0.32258064516129,0.0967741935483871,0.333333333333333,0.903225806451613,10.9784946236559,1.94623655913978,0.806451612903226,0.118279569892473,0.264938534426982,0.149458393337925
"175",101,2017,0.242424242424242,0.202020202020202,0.686868686868687,2.97979797979798,2.26262626262626,"N","N","Y",0.464646464646465,0.545454545454545,0.0707070707070707,0.161616161616162,0.98989898989899,16.9292929292929,62.1313131313131,0.878787878787879,0.121212121212121,0.525803325132334,0.252605681055692
"176",101,2018,0.253968253968254,0.365079365079365,0.53968253968254,3.17460317460317,2.3015873015873,"N","N","Y",0.587301587301587,0.650793650793651,0.142857142857143,0.26984126984127,0.984126984126984,9.23809523809524,4.6984126984127,0.873015873015873,0.0793650793650794,0.525803325132334,0.252605681055692
"177",101,2019,0.246445497630332,0.279620853080569,0.535545023696682,2.90995260663507,2.3175355450237,"N","N","Y",0.644549763033175,0.492890995260663,0.14218009478673,0.398104265402844,0.95260663507109,8.86255924170616,1.38388625592417,0.796208530805687,0.161137440758294,0.525803325132334,0.252605681055692
"178",102,2017,0.235294117647059,0.372549019607843,0.313725490196078,2.76470588235294,2.25490196078431,"N","N","N",0.588235294117647,0.431372549019608,0.0784313725490196,0.196078431372549,1,13.4705882352941,3.80392156862745,0.490196078431373,0.392156862745098,0.103394237769996,0.407620566515272
"179",102,2018,0.233766233766234,0.233766233766234,0.597402597402597,2.8961038961039,2.27272727272727,"N","N","N",0.623376623376623,0.298701298701299,0.207792207792208,0.246753246753247,0.987012987012987,18.2727272727273,1.11688311688312,0.441558441558442,0.38961038961039,0.103394237769996,0.407620566515272
"180",102,2019,0.307692307692308,0.340659340659341,0.461538461538462,2.95604395604396,2.40659340659341,"N","N","N",0.593406593406593,0.395604395604396,0.131868131868132,0.43956043956044,0.989010989010989,13.7692307692308,3.49450549450549,0.395604395604396,0.417582417582418,0.103394237769996,0.407620566515272
"181",103,2017,0.25503355704698,0.295302013422819,0.597315436241611,3.09395973154362,2.32214765100671,"N","N","N",0.597315436241611,0.469798657718121,0.0805369127516778,0.161073825503356,0.993288590604027,13.9395973154362,20.9395973154362,0.758389261744966,0.187919463087248,0.455894445337089,0.277336181393722
"182",103,2018,0.256880733944954,0.279816513761468,0.513761467889908,2.93119266055046,2.31192660550459,"N","N","N",0.527522935779816,0.408256880733945,0.100917431192661,0.100917431192661,0.995412844036697,11.5137614678899,1.9954128440367,0.660550458715596,0.275229357798165,0.455894445337089,0.277336181393722
"183",103,2019,0.191588785046729,0.383177570093458,0.457943925233645,3.08411214953271,2.2196261682243,"N","N","N",0.509345794392523,0.467289719626168,0.14018691588785,0.210280373831776,0.981308411214953,10.5233644859813,1.52336448598131,0.696261682242991,0.214953271028037,0.455894445337089,0.277336181393722
"184",104,2017,0.205882352941176,0.215686274509804,0.53921568627451,2.77450980392157,2.18627450980392,"Y","N","N",0.627450980392157,0.313725490196078,0.117647058823529,0.313725490196078,1,13.3333333333333,2.70588235294118,0.176470588235294,0.607843137254902,0.0253833950290851,0.346359950643399
"185",104,2018,0.203125,0.140625,0.5625,2.5625,2.234375,"Y","N","N",0.609375,0.265625,0.046875,0.078125,1,11.015625,1.5,0.125,0.546875,0.0253833950290851,0.346359950643399
"186",104,2019,0.119402985074627,0.291044776119403,0.313432835820896,2.52238805970149,2.15671641791045,"Y","N","N",0.552238805970149,0.313432835820896,0.126865671641791,0.462686567164179,0.977611940298508,12.0298507462687,1.54477611940298,0.194029850746269,0.559701492537313,0.0253833950290851,0.346359950643399
"187",105,2017,0.217105263157895,0.197368421052632,0.605263157894737,2.82236842105263,2.24342105263158,"N","N","Y",0.618421052631579,0.322368421052632,0.118421052631579,0.223684210526316,1,11.7894736842105,11.3552631578947,0.894736842105263,0.0723684210526316,0.572260342980772,0.118447147659904
"188",105,2018,0.265151515151515,0.303030303030303,0.416666666666667,2.76515151515152,2.31818181818182,"N","N","Y",0.621212121212121,0.333333333333333,0.113636363636364,0.189393939393939,1,12.9166666666667,1.75,0.765151515151515,0.0984848484848485,0.572260342980772,0.118447147659904
"189",105,2019,0.273684210526316,0.205263157894737,0.536842105263158,2.68947368421053,2.38947368421053,"N","N","Y",0.5,0.4,0.0947368421052632,0.273684210526316,0.984210526315789,12.9105263157895,2.63684210526316,0.842105263157895,0.0842105263157895,0.572260342980772,0.118447147659904
"190",106,2017,0.118012422360248,0.198757763975155,0.608695652173913,2.81366459627329,2.1304347826087,"N","N","N",0.645962732919255,0.385093167701863,0.105590062111801,0.149068322981366,1,9.06832298136646,4.88198757763975,0.639751552795031,0.22360248447205,0.184586862243856,0.231205233541052
"191",106,2018,0.257142857142857,0.285714285714286,0.471428571428571,2.8,2.31428571428571,"N","N","N",0.6,0.457142857142857,0.142857142857143,0.3,1,10.9428571428571,2.51428571428571,0.5,0.185714285714286,0.184586862243856,0.231205233541052
"192",106,2019,0.208053691275168,0.248322147651007,0.590604026845638,2.94630872483221,2.26174496644295,"N","N","N",0.563758389261745,0.530201342281879,0.134228187919463,0.322147651006711,0.973154362416107,10.751677852349,1.84563758389262,0.389261744966443,0.248322147651007,0.184586862243856,0.231205233541052
"193",107,2017,0.296296296296296,0.259259259259259,0.5,2.81481481481481,2.25925925925926,"N","N","N",0.611111111111111,0.240740740740741,0.0555555555555556,0.166666666666667,1,47.0740740740741,39.2592592592593,0.518518518518518,0.296296296296296,0.137114759739787,0.169555348196973
"194",107,2018,0.213592233009709,0.407766990291262,0.378640776699029,2.99029126213592,2.20388349514563,"N","N","N",0.495145631067961,0.281553398058252,0.12621359223301,0.310679611650485,0.990291262135922,13.1456310679612,2.14563106796116,0.495145631067961,0.310679611650485,0.137114759739787,0.169555348196973
"195",107,2019,0.134078212290503,0.229050279329609,0.536312849162011,2.7877094972067,2.14525139664804,"N","N","N",0.407821229050279,0.256983240223464,0.106145251396648,0.268156424581006,0.955307262569832,14.2011173184358,2.12290502793296,0.53072625698324,0.223463687150838,0.137114759739787,0.169555348196973
"196",108,2017,0.328358208955224,0.283582089552239,0.447761194029851,2.74626865671642,2.40298507462687,"N","N","N",0.522388059701492,0.343283582089552,0.134328358208955,0.298507462686567,1,12.8208955223881,1.58208955223881,0.328358208955224,0.522388059701492,0.0259452296819788,0.346351590106007
"197",108,2018,0.272727272727273,0.272727272727273,0.467532467532468,2.79220779220779,2.31168831168831,"N","N","N",0.454545454545455,0.207792207792208,0.116883116883117,0.311688311688312,0.987012987012987,15.4935064935065,3.85714285714286,0.233766233766234,0.506493506493506,0.0259452296819788,0.346351590106007
"198",108,2019,0.24390243902439,0.378048780487805,0.451219512195122,3.03658536585366,2.25609756097561,"N","N","N",0.609756097560976,0.341463414634146,0.134146341463415,0.390243902439024,0.939024390243902,13.9634146341463,2.09756097560976,0.170731707317073,0.646341463414634,0.0259452296819788,0.346351590106007
"199",109,2017,0.146341463414634,0.292682926829268,0.544715447154472,2.99186991869919,2.1869918699187,"N","N","N",0.59349593495935,0.317073170731707,0.0894308943089431,0.130081300813008,1,13.9024390243902,2.11382113821138,0.32520325203252,0.528455284552846,0.0266662354358531,0.166417361352555
"200",109,2018,0.237113402061856,0.45360824742268,0.309278350515464,2.97938144329897,2.19587628865979,"N","N","N",0.525773195876289,0.443298969072165,0.0721649484536082,0.237113402061856,1,13.0309278350515,1.49484536082474,0.247422680412371,0.329896907216495,0.0266662354358531,0.166417361352555
"201",109,2019,0.292857142857143,0.278571428571429,0.421428571428571,2.67857142857143,2.38571428571429,"N","N","N",0.464285714285714,0.271428571428571,0.135714285714286,0.385714285714286,0.921428571428571,15.2214285714286,17.35,0.271428571428571,0.385714285714286,0.0266662354358531,0.166417361352555
"202",110,2017,0.215384615384615,0.476923076923077,0.338461538461538,3.15384615384615,2.24615384615385,"N","Y","N",0.592307692307692,0.423076923076923,0.176923076923077,0.5,0.969230769230769,11.5538461538462,89.0923076923077,0.246153846153846,0.715384615384615,0.0661920595016045,0.523153028951423
"203",110,2018,0.173913043478261,0.536231884057971,0.297101449275362,3.26811594202899,2.18115942028985,"N","Y","N",0.63768115942029,0.369565217391304,0.231884057971014,0.514492753623188,0.963768115942029,13.7826086956522,16.8695652173913,0.130434782608696,0.731884057971015,0.0661920595016045,0.523153028951423
"204",110,2019,0.17032967032967,0.357142857142857,0.450549450549451,2.98351648351648,2.2032967032967,"N","Y","N",0.516483516483517,0.302197802197802,0.142857142857143,0.373626373626374,0.93956043956044,11.9120879120879,2.55494505494505,0.164835164835165,0.675824175824176,0.0661920595016045,0.523153028951423
"205",111,2017,0.206349206349206,0.349206349206349,0.555555555555556,3.17460317460317,2.20634920634921,"Y","N","N",0.587301587301587,0.206349206349206,0.158730158730159,0.380952380952381,1,11.6666666666667,2.07936507936508,0.26984126984127,0.365079365079365,0.0226142522180519,0.100282570793002
"206",111,2018,0.128712871287129,0.247524752475248,0.445544554455446,2.72277227722772,2.14851485148515,"Y","N","N",0.455445544554455,0.207920792079208,0.099009900990099,0.267326732673267,1,13.8811881188119,2.28712871287129,0.217821782178218,0.237623762376238,0.0226142522180519,0.100282570793002
"207",111,2019,0.185185185185185,0.234567901234568,0.506172839506173,2.71604938271605,2.24691358024691,"Y","N","N",0.481481481481481,0.197530864197531,0.0740740740740741,0.358024691358025,1,11.283950617284,1.67901234567901,0.283950617283951,0.308641975308642,0.0226142522180519,0.100282570793002
"208",112,2017,0.113207547169811,0.433962264150943,0.39622641509434,3.09433962264151,2.13207547169811,"Y","N","N",0.452830188679245,0.207547169811321,0.0943396226415094,0.245283018867925,1,19.9811320754717,63.8679245283019,0.339622641509434,0.339622641509434,0.0289105023645936,0.134987061657892
"209",112,2018,0.0921052631578947,0.210526315789474,0.526315789473684,2.68421052631579,2.01315789473684,"Y","N","N",0.421052631578947,0.276315789473684,0.105263157894737,0.460526315789474,1,15.2631578947368,2.88157894736842,0.302631578947368,0.342105263157895,0.0289105023645936,0.134987061657892
"210",112,2019,0.220338983050847,0.169491525423729,0.38135593220339,2.27966101694915,2.28813559322034,"Y","N","N",0.457627118644068,0.161016949152542,0.127118644067797,0.542372881355932,0.974576271186441,11.8474576271186,3.77118644067797,0.26271186440678,0.347457627118644,0.0289105023645936,0.134987061657892
"211",113,2017,0.324561403508772,0.245614035087719,0.596491228070175,2.93859649122807,2.41228070175439,"N","N","Y",0.456140350877193,0.508771929824561,0.236842105263158,0.175438596491228,1,13.5701754385965,266.122807017544,0.964912280701754,0.0350877192982456,0.873647321279925,0.0814354210368595
"212",113,2018,0.247524752475248,0.336633663366337,0.504950495049505,3.03960396039604,2.25742574257426,"N","N","Y",0.584158415841584,0.445544554455446,0.138613861386139,0.168316831683168,1,15.6633663366337,2.26732673267327,0.891089108910891,0.0495049504950495,0.873647321279925,0.0814354210368595
"213",113,2019,0.265193370165746,0.292817679558011,0.447513812154696,2.78453038674033,2.29834254143646,"N","N","Y",0.541436464088398,0.480662983425414,0.0939226519337017,0.209944751381215,0.972375690607735,16.4806629834254,2.70165745856354,0.906077348066298,0.0386740331491713,0.873647321279925,0.0814354210368595
"214",114,2017,0.174050632911392,0.19620253164557,0.620253164556962,2.85443037974684,2.20253164556962,"Y","N","N",0.566455696202532,0.253164556962025,0.113924050632911,0.338607594936709,1,11.6329113924051,12.4525316455696,0.509493670886076,0.35126582278481,0.116059891697819,0.268491758973398
"215",114,2018,0.16600790513834,0.245059288537549,0.478260869565217,2.78656126482213,2.22529644268775,"Y","N","N",0.660079051383399,0.33596837944664,0.185770750988142,0.490118577075099,0.992094861660079,11.9565217391304,2.00790513833992,0.490118577075099,0.316205533596838,0.116059891697819,0.268491758973398
"216",114,2019,0.202479338842975,0.227272727272727,0.528925619834711,2.74793388429752,2.25206611570248,"Y","N","N",0.62396694214876,0.384297520661157,0.144628099173554,0.289256198347107,0.942148760330578,9.99173553719008,1.36776859504132,0.359504132231405,0.400826446280992,0.116059891697819,0.268491758973398
"217",115,2017,0.2265625,0.328125,0.4609375,2.9296875,2.234375,"N","Y","N",0.6015625,0.3984375,0.140625,0.3046875,0.984375,19.609375,2.5625,0.21875,0.7265625,0.0798479973889122,0.641744766167762
"218",115,2018,0.246987951807229,0.397590361445783,0.481927710843373,3.18072289156627,2.27710843373494,"N","Y","N",0.656626506024096,0.313253012048193,0.144578313253012,0.325301204819277,0.975903614457831,15.6325301204819,24.3132530120482,0.192771084337349,0.686746987951807,0.0798479973889122,0.641744766167762
"219",115,2019,0.203947368421053,0.315789473684211,0.434210526315789,2.83552631578947,2.19078947368421,"N","Y","N",0.592105263157895,0.190789473684211,0.164473684210526,0.434210526315789,0.960526315789474,11.0065789473684,1.42105263157895,0.236842105263158,0.730263157894737,0.0798479973889122,0.641744766167762
"220",120,2017,0.246153846153846,0.2,0.630769230769231,2.88717948717949,2.26666666666667,"Y","N","N",0.743589743589744,0.297435897435897,0.148717948717949,0.333333333333333,0.994871794871795,12.6358974358974,5.67692307692308,0.723076923076923,0.153846153846154,0.251070720656945,0.264706923403653
"221",120,2018,0.221311475409836,0.262295081967213,0.459016393442623,2.72131147540984,2.27049180327869,"Y","N","N",0.409836065573771,0.221311475409836,0.131147540983607,0.360655737704918,0.975409836065574,9.66393442622951,2.13114754098361,0.614754098360656,0.270491803278689,0.251070720656945,0.264706923403653
"222",120,2019,0.198412698412698,0.325396825396825,0.412698412698413,2.84126984126984,2.21428571428571,"Y","N","N",0.428571428571429,0.222222222222222,0.19047619047619,0.365079365079365,0.968253968253968,12.3968253968254,1.84126984126984,0.626984126984127,0.222222222222222,0.251070720656945,0.264706923403653
"223",121,2017,0.223214285714286,0.330357142857143,0.464285714285714,2.99107142857143,2.26785714285714,"Y","N","N",0.517857142857143,0.383928571428571,0.133928571428571,0.294642857142857,0.991071428571429,15.4196428571429,187.616071428571,0.625,0.196428571428571,0.140580247329582,0.229571722209118
"224",121,2018,0.2,0.295652173913043,0.478260869565217,2.86086956521739,2.2,"Y","N","N",0.443478260869565,0.28695652173913,0.2,0.347826086956522,0.956521739130435,9.86086956521739,1.40869565217391,0.565217391304348,0.226086956521739,0.140580247329582,0.229571722209118
"225",121,2019,0.232704402515723,0.29559748427673,0.40251572327044,2.71698113207547,2.25157232704403,"Y","N","N",0.477987421383648,0.333333333333333,0.0943396226415094,0.308176100628931,0.987421383647799,11.1069182389937,1.69182389937107,0.616352201257862,0.238993710691824,0.140580247329582,0.229571722209118
"226",122,2017,0.176100628930818,0.238993710691824,0.427672955974843,2.59748427672956,2.22012578616352,"Y","N","N",0.584905660377358,0.245283018867925,0.0880503144654088,0.427672955974843,1,17.9811320754717,2.18238993710692,0.471698113207547,0.182389937106918,0.0244420140737649,0.114424889554043
"227",122,2018,0.230769230769231,0.2,0.415384615384615,2.43076923076923,2.26153846153846,"Y","N","N",0.4,0.338461538461538,0.107692307692308,0.507692307692308,0.984615384615385,13.6769230769231,1.95384615384615,0.292307692307692,0.107692307692308,0.0244420140737649,0.114424889554043
"228",122,2019,0.178082191780822,0.219178082191781,0.465753424657534,2.58904109589041,2.21917808219178,"Y","N","N",0.575342465753425,0.205479452054795,0.0410958904109589,0.328767123287671,1,12.972602739726,1.63698630136986,0.328767123287671,0.212328767123288,0.0244420140737649,0.114424889554043
"229",123,2017,0.245901639344262,0.262295081967213,0.360655737704918,2.54098360655738,2.34426229508197,"Y","N","N",0.475409836065574,0.295081967213115,0.131147540983607,0.360655737704918,1,10.672131147541,2.18032786885246,0.278688524590164,0.147540983606557,0.0142708503345846,0.0814223926881018
"230",123,2018,0.111111111111111,0.166666666666667,0.416666666666667,2.5,2.11111111111111,"Y","N","N",0.611111111111111,0.0555555555555556,0.0555555555555556,0.111111111111111,0.972222222222222,17.3611111111111,1.75,0.277777777777778,0.0833333333333333,0.0142708503345846,0.0814223926881018
"231",123,2019,0.160493827160494,0.123456790123457,0.506172839506173,2.39506172839506,2.18518518518519,"Y","N","N",0.617283950617284,0.246913580246914,0.0740740740740741,0.345679012345679,0.975308641975309,13.3950617283951,2.90123456790123,0.197530864197531,0.209876543209877,0.0142708503345846,0.0814223926881018
